AVpe8D1nLJeJML43yvxK,139.99,Computers & Accessories,Panamax - 11-Outlet Surge Protector - Black
AWKXniCGYSSHbkXwyv-f,78,Headphones,WI-SP500 Wireless In-Ear Sports Headphones (Black)
AVpgDCP-1cnluZ0-vmw7,279.99,Home Audio,Yamaha - Micro Component System - White
AV15fqDs-jtxr-f38R4C,69.99,Computers & Accessories,Netgear Nighthawk A7000 (ac1900) Dualband Wifi Usb Adapter
AVpfI64PilAPnD_xVyc4,462.95,Projection Screens & Material,Aeon 58.3 x 104.1 16:9 Fixed Frame Projection Screen with CineWhite Projection Surface
AVpfCmFjLJeJML431EzG,68.82,Computers & Accessories,Logitech Ultrathin Touch Mouse T630 for Windows 8 Touch Gestures
AWImaqdkIwln0LfXkAw8,299.98,Streaming Media Players,TiVo - BOLT VOX 1TB DVR and Streaming Player - Black
AVphMo6qLJeJML43X_DA,29.57,Computers & Accessories,32GB High Speed UHS-I SDHC U3 Memory Card (Class 10)
AV1YmsYevKc47QAVgsiH,249.99,Hard Drives,G-Technology G-DRIVE USB 3.0 6TB External Hard Drive (0G03674)
AVphzZkJ1cnluZ0-Gkcq,799.95,Headphones,Sennheiser - Earbud Headphones - Black
AV2ZzhzPvKc47QAVpILc,149.99,Computers & Accessories,Logitech iPad Pro 12.9 inch Keyboard Case SLIM COMBO with Detachable
AV_GG3MWuC1rwyj_hFdU,499.98,Streaming Media Players,TiVo - BOLT VOX 3TB DVR and Streaming Player - Black
AV1YFiIxglJLPUi8IGcj,129.99,Computers & Accessories,CORSAIR - Vengeance Pro Series 16GB (2PK x 8GB) 1.6 GHz DDR3 DIMM Desktop Memory Kit - Multi
AVpfcg0ZLJeJML439WX4,28.44,Computers & Accessories,Grace Digital - 3Play Bluetooth Audio Adapter - Black
AWLI-DTQYSSHbkXwzTxw,99.99,TV Accessories & Parts,"Insignia 47 - 80"" Full Motion TV Wall Mount"""
AWOpMDbqYSSHbkXw06lc,51.99,Computers & Accessories,StarTech - 2 Port PCI IDE Controller Adapter Card - Green
AVpfnzhaLJeJML43ApO5,39.99,Cell Phones & Accessories,Samsung J1 (Verizon LTE Prepaid)
AVpizX7q1cnluZ0-QzCA,724.32,Solid State Drives,"Lenovo - Yoga 710 2-in-1 11.6 Touch-Screen Laptop - Intel Core i5 - 8GB Memory - 128GB Solid State Drive - Silver Tablet PC Notebook 80V6000PUS"""
AVqVGTsvv8e3D1O-ldE2,1999,TV,Veranda Series 55-Class UHD Outdoor LED TV
AVpfXUZ5ilAPnD_xacpv,549.98,Headphones,Master and Dynamic - MW60 Over-the-Ear Wireless Headphones - Silver Metal/Brown Leather
AV075a6pglJLPUi8HyjQ,149.95,Solid State Drives,SanDisk Ultra II 500GB SATA III SSD - 2.5-Inch 7mm Height Solid State Drive - SDSSDHII-500G-G25
AVpf7PsHilAPnD_xkn6H,1099.99,TV,P-Series 55-Class UHD SmartCast LED Home Theater Display
AWK80AtWuC1rwyj_qBNI,42,Computers & Accessories,Razer ManO'War Wireless 7.1 Surround Sound Gaming Headset (Black) Man O War READ
AV1YFZVDvKc47QAVgp7V,875,Hard Drives,"4TB Network OEM HDD Retail Kit (8-Pack, WD40EFRX, Red Drives)"
AV_OFKchHh53nbDRAGv9,149.99,Smart Watches,Samsung Gear Fit2 Pro Fitness Smartwatch Red
AVpgc0AAilAPnD_xslLC,799.98,Home Audio,"Definitive Technology - SuperCube 4000 8 1200-Watt Powered Subwoofer - Black"""
AVpghnMgilAPnD_xtpQd,59.95,Memory Cards,"64GB High Speed microSDXC UHS-I Memory Card (Class 10, U3)"
AV1YFIRcvKc47QAVgp0Y,379.99,Car Electronics & GPS,"Details About Garmin Dezl 770lmthd 7 Gps With Lifetime Maps & Hd Traffic Updates"""
AVwjhogVQMlgsOJE8qng,749.98,TV Accessories & Parts,Marantz - NR 350W 7.2-Ch. Hi-Res With HEOS 4K Ultra HD A/V Home Theater Receiver - Black
AVpgfuqcLJeJML43OsKt,29.99,Camera Accessories,Roll Bar Mount
AVpimXsUilAPnD_xFsXu,389.99,Home Audio,Onkyo TX-NR555 7.2-Channel Network A/V Receiver
AVqkGdtwnnc1JgDc3kGs,119.99,Headphones,Jabra Sport Coach Special Edition Sport Headset
AVpfnKNvilAPnD_xe_vG,89.99,Computers & Accessories,AudioQuest - RJE Cinnamon 4.9' Ethernet Cable - Black/Red
AVqVGTt6U2_QcyX9Ozbx,2799,TV,"SunBriteTV - Signature Series - 43 Class - LED - Outdoor - Partial Sun - 2160p - 4K UHD TV with HDR"""
AVpiW9hn1cnluZ0-MgBn,198.99,Power Supplies,AX860i Digital ATX 860W Power Supply
AVphJhbELJeJML43XYVa,119.95,Computers & Accessories,ND Case for iPad mini 1/2/3 (Black)
AVphRnusLJeJML43Y7wt,50.99,Camera Accessories,"NB-13L Lithium-Ion Battery Pack (3.6V, 1250mAh)"
AVpiGuIm1cnluZ0-J4x4,183.99,Computers & Accessories,Spartan - 1-Target 24x DVD/CD Duplicator - Black
AVpgUl_U1cnluZ0-z3Gz,299.99,Home Audio,Elite A-20 2-Channel Integrated Amplifier
AVph6KT7ilAPnD_x-rMf,687.57,Home Audio,Sony STRDN1070 7.2-channel AV Receiver w/ Bluetooth
AVqkI_mdnnc1JgDc3ko9,1124.99,Computers & Accessories,Asus Rog Gl502vm 15.6 Laptop Intel Core I7 12gb
AWLqHC23Iwln0LfXl6G4,248,Portable Bluetooth Speakers,Sony SRS-XB41 Portable Wireless Bluetooth Speaker - Black - SRSXB41/B (Certified Refurbished)
AVpfpHOsLJeJML43BBoB,717,Projection Screens & Material,Epson - Home Cinema 2045 LCD Projector - White
AVqkJey9nnc1JgDc3kvk,1945.19,Computers & Accessories,Acer Predator G1-710 Desktop Computer - Intel Core i7-6700 3.4 GHz - 16 GB DDR4 SDRAM - 2 TB HDD + 512 GB SSD
AVpgHYROLJeJML43JKG9,349.99,Home Audio,DP-300F Fully Automatic Turntable
AVtis_nnnnc1JgDc5VVK,49.99,Cell Phones & Accessories,LED Wallet Cover for Galaxy S8+ (Black)
AVpiMOWkilAPnD_xBu_X,829.99,Computers & Accessories,Apple - iPad Air 2 Wi-Fi + Cellular 128GB - Gold
AV1YFi6VGV-KLJ3adc08,177.99,Solid State Drives,Samsung - 850 EVO 500GB Internal SATA Solid State Drive for Laptops and PC
AVpfvKEYilAPnD_xhWiD,115.99,Media Players & Recorders,Sylvania Dual Portable Dvd Player W/ 9inch Widescreen Led Display Refurbished
AVwjhoCGU2_QcyX9Q9ea,450,Home Audio,Sony - 1155W 7.2-Ch. Hi-Res Network-Ready 4K Ultra HD and 3D Pass-Through HDR Compatible A/V Home Theater Receiver - Black
AWOpWM18YSSHbkXw09Yj,749.99,Solid State Drives,Samsung 850 EVO 2TB 2.5-Inch SATA III Internal SSD (MZ-75E2T0B/AM)
AVqPi8_6QMlgsOJE6c-y,97.99,Computers & Accessories,Details About Netgear Cm700 Docsis 3.0 32x8 High Speed Cable Modem
AVpidQq2ilAPnD_xEWbV,253.98,Computers & Accessories,CORSAIR - VENGEANCE LPX Series 32GB (2PK 16GB) 2.133GHz DDR4 Desktop Memory - Black
AVpe9FXeLJeJML43zHrq,23.99,Computers & Accessories,DENAQ - AC Adapter for TOSHIBA SATELLITE 1700 1710 1715 1730 1735 1750 1755 1955 3000 3005 A100 M30X M35X - Black
AWACBprXKZqtpbFMVBZo,199.99,Headphones, Samsung Gear Iconx 2018 Edition Cordfree Fitness Earbuds Black
AVzNjFsJvKc47QAVd1TD,399,Home Audio,AVR-X1400H 7.2-Channel Network A/V Receiver
AVpiVYLb1cnluZ0-MQnR,119.99,Hard Drives,4TB Red 5400 rpm SATA III 3.5 Internal NAS HDD Retail Kit
AVpfQk2EilAPnD_xYTQK,853.99,Home Audio,Marantz - 1400W 7.2-Ch. 4K Ultra HD and 3D Pass-Through A/V Home Theater Receiver - Black
AVpfjP9uilAPnD_xdy6-,19.99,Camera Accessories,Sony Mini Digital Video Cassettes - DVC - 1 Hour
AVpfKRGKLJeJML433rPX,198,Portable Bluetooth Speakers,Sony SRSHG1/BLK Hi-Res Wireless Speaker- Charcoal black
AV00ozTAvKc47QAVgAJM,253.99,Home Security,Circle 2 2MP Wire-Free Network Camera with Night Vision
AVpfgGwSLJeJML43-VCn,248,Portable Bluetooth Speakers,SRS-ZR7 Wireless Speaker
AVpjedgc1cnluZ0-W4NI,269.99,Car Electronics & GPS,Sony MEXM100BT 160W RMS Marine CD Receiver with Bluetooth (Black) and SiriusXM Ready
AVpf4W5_ilAPnD_xj6lg,933.95,Digital Cameras,PowerShot G5 X Digital Camera Free Accessory Kit
AVpfnuDailAPnD_xfKZY,299.95,Headphones,Everest Elite 700 Around-Ear Wireless Headphones (White)
AV9GdE90uC1rwyj_gGmd,129.95,Headphones,Flyer Wireless Fitness Headphones (Nightfall Blue)
AVqVGQd9v8e3D1O-ldD1,69.99,Computers & Accessories,Razer Kraken Pro V2 Analog Gaming Headset For Pc/xbox One/ps4 Black (p05)
AV1eC51UGV-KLJ3ad1SR,69,Computers & Accessories,"AOC - 18.5 LED Monitor - Black"""
AVpfHjh7LJeJML432w1s,75.33,Computers & Accessories,Actiontec 300 Mbps Wireless-N ADSL Modem Router (GT784WN)
AVphVKVzLJeJML43ZmR5,79.88,Camera Accessories,Lumimuse 6 On-Camera LED Light (Black)
AVpg9lcJ1cnluZ0-8h3k,4295,TV,Pro-Series 49-Class Full HD Outdoor LED TV (Silver)
AVpgu2kUilAPnD_xwnW2,449.99,Home Audio,Bose® - Virtually Invisible® 591 In-Ceiling Speakers (Pair) - White
AVqkGUKCnnc1JgDc3kFi,105.99,Headphones,Amps Air Bluetooth Wireless Earbuds (Rich Teal)
AVpjSFMB1cnluZ0-VJAz,305.99,Home Audio,Onkyo - 5.1-Ch. Home Theater System - Black
AVpe_9aLilAPnD_xStSC,99,Portable Bluetooth Speakers,SP-C22 Andrew Jones Designed Center Channel Speaker
AVqVHD82v8e3D1O-ldKQ,599.99,Mirrorless System Lenses,Sony SEL85F18 85mm F/1.8-22 Medium-Telephoto Fixed Prime Camera Lens
AV161e3vglJLPUi8PSYO,1409.99,Computers & Accessories,"12 MacBook (Mid 2017, Gold)"
AVphWBfLilAPnD_x4RvC,249.95,Speaker Systems,"Yamaha - 6-1/2 130-Watt Powered Subwoofer - Black"""
AV1YHuVaGV-KLJ3addLx,649.95,Digital Cameras,Lumix DMC-G7 Mirrorless Micro Four Thirds Digital Camera with 14-42mm Lens and Accessory Kit (Black)
AVpgmhvuilAPnD_xuwLk,79,Headphones,AS-5i Pro Sport Earphones (Blue)
AVpiMIyE1cnluZ0-K0TA,149.95,Car Electronics & GPS,Alpine - Rear View Camera - Black
AVpjVjlCLJeJML43uD8X,8.79,Cell Phones & Accessories,Mini Solar Cell Phone Charger
AV13GWKcGV-KLJ3akQXf,169.99,Computers & Accessories,NETGEAR GS116E-200NAS / NETGEAR ProSafe Plus GS116Ev2 - Switch - unmanaged - 16 x 10/100/1000 - desktop
AVpff-RMLJeJML43-Sh-,149.99,Portable Bluetooth Speakers,Sharp - 50W Executive Hi-Fi Component System - Black
AWBEOV5nHh53nbDRCJgI,149.95,Headphones,Sennheiser CX 7.00BT Wireless In-Ear Headphone
AV0A8q3yvKc47QAVflUG,299,Computers & Accessories,SanDisk Ultra II 1TB SATA III SSD - 2.5-Inch 7mm Height Solid State Drive - SDSSDHII-1T00-G25
AVpfC_9v1cnluZ0-cuhn,279.95,Home Audio,R-S300 Natural Sound Stereo Receiver
AVpe7OvBLJeJML43ycsp,30.99,Car Electronics & GPS,"iSimple - StrongHold Headrest Mount for Most 7 - 10.2"" Tablets - Black"""
AVpgP2PVilAPnD_xpr60,478.99,Security Cameras,1080p Day/Night PTZ Speed Dome Camera with 5 to 61mm Auto Focus Lens
AVpiuTls1cnluZ0-QEbf,259.98,Home Audio,"Niles - Directed Soundfield 7 2-Way Stereo Input In-Ceiling Speaker (Each) - Silver"""
AV4GQTIsvKc47QAVrDiV,999.99,TV,"Samsung - 55 Class - LED - Curved - MU6490 Series - 2160p - Smart - 4K Ultra HD TV with HDR"""
AVpfHyx-LJeJML43217r,322.2,Computers & Accessories,PA248Q 24 LED Backlit IPS Widescreen Monitor
AVpiomnPLJeJML43nlpH,49.9,Wireless Speakers,Sony SRSXB3/BLK Portable Wireless Speaker with Bluetooth (Black)
AVpgumyeilAPnD_xwkDK,79.99,Computers & Accessories,ECO STYLE - Sports Voyage Backpack - Black/Platinum
AVphadZFLJeJML43andG,699,Wireless Speakers,"Definitive Technology - W9 Dual 5-1/4 180W 2-Way Wireless Speaker (Each) for Streaming Music - Black"""
AVsRhL9qnnc1JgDc34iS,78,Wireless Speakers,Sony - XB20 Portable Bluetooth Speaker - Blue
AVpgzp3F1cnluZ0-6kgL,179.99,Speaker Cables,AudioQuest - Sydney 4.9' RCA-to-RCA Interconnect Cable - Dark Gray/Black
AVpfHy6S1cnluZ0-eXnS,149.99,Car Electronics & GPS,BC 30 Wireless Backup Camera with Car Adapter Power Cable
AVzxufilglJLPUi8G2HN,89.99,Video Games,Google Daydream View - VR Headset (Slate)
AVpgLoHn1cnluZ0-xrt6,140.05,Wireless Speakers,ECOXGEAR - ECOSTONE Bluetooth Waterproof Speaker - Blue
