id,name,categories,prices
AWOpWM18YSSHbkXw09Yj,Samsung 850 EVO 2TB 2.5-Inch SATA III Internal SSD (MZ-75E2T0B/AM),"Internal Solid State Drives,Solid State Drives,Computers & Accessories,Computer Accessories & Peripherals,Electronics,Computers & Tablets,Hard Drives & Storage,Data Storage",749.99
AWOpOCd2YSSHbkXw07ei,Samsung - 850 PRO 512GB Internal SATA III Solid State Drive for Laptops,"Internal Solid State Drives,Solid State Drives,Computers & Accessories,Computer Accessories & Peripherals,Electronics,Computers & Tablets,Hard Drives & Storage,Data Storage",224.99
AWOpMDbqYSSHbkXw06lc,StarTech - 2 Port PCI IDE Controller Adapter Card - Green,"Computers & Accessories,Electronics,Computers & Tablets,Racks, Mounts & Accessories,Networking Products,Network Adapters,Computer Cards & Components",51.99
AWOpLyzrHh53nbDRKmTD,"Samsung - 65 Class - LED - Curved - MU7500 Series - 2160p - Smart - 4K UHD TV with HDR""","LED & LCD TVs,TVs,Refurbished TVs,TV & Video,Samsung Tax Time Savings,Electronics,Shop TVs by Type,Television & Video,Televisions,TVs Entertainment,TV & Home Theater,All Flat-Panel TVs",1897.99
AWOmw9PhHh53nbDRKld5,Details About Razer Cynosa Chroma Rgb Gaming Keyboard Spillresistant Durable Design,"Accessories,Computers/Tablets & Networking,Keyboards, Mice & Pointers,Mice & Keyboards,Computer Accessories & Peripherals,Video Games,Computer Keyboards,Wired & USB Keyboards,Keyboards & Keypads,Computers & Tablets,Gaming Keyboards",48.95
AWOUVe5cuC1rwyj_rmlB,Sony SELP18105G E PZ 18-105mm F4 G OSS,"Mirrorless System Lenses,Digital Camera Accessories,All Camera Lenses,Electronics,Camera & Photo,Cameras & Camcorders,Photography,Digital Cine Cameras,Lenses zrvzcfdefdtafswscwwz,Professional Video,Camera Lenses,Lenses,Mirrorless Camera Lenses",599.99
AWOTVpQiIwln0LfXm3OV,Canon EF 100mm f/2.8L IS USM Macro Lens for Canon Digital SLR Cameras,"Prime Lenses,Camera Accessories,Cameras & Photo,Digital Camera Accessories,All Camera Lenses,SLR Lenses,Electronics,Camera & Photo,DSLR Lenses,Cameras & Camcorders,Photography,Lenses & Filters,Digital Camera Lenses,Camera Lenses,Lenses",1144
AWN6PKWauC1rwyj_rgtt,Samsung - 850 PRO 1TB Internal SATA III Solid State Drive for Laptops,"Computers,Internal Solid State Drives,Internal Drives,Solid State Drives,Computers & Accessories,Computer Accessories & Peripherals,Electronics,Computers & Tablets,Hard Drives & Storage,Drives Storage,Data Storage",449
AWMjgUYxHh53nbDRJ9NI,Logitech - G560 LIGHTSYNC 2.1 Bluetooth Gaming Speakers with Game Driven RGB Lighting (3-Piece) - Black,"Audio & Video Accessories,Computers & Accessories,Computer Accessories & Peripherals,Computers & Tablets,Electronics,Computer Speakers",199.99
AWMZjqTQYSSHbkXw0Ixv,Under Armour Sport Wireless Flex Neckband In-Ear Headphones,"Headphones,Bluetooth Headphones,All Headphones,Earbud Headphones,Electronics,Audio,Mobile",129.99
AWM7tLUgHh53nbDRKC6-,"HyperX - Cloud Flight Wireless Stereo Gaming Headset for PC, PS4, Xbox One, Nintendo Wii U, Mobile Devices - Black","Accessories,Gaming Headsets,Video Game Accessories,Video Games,Headsets",159.99
AWLwDO9uYSSHbkXwz54e,Sony - WH-CH700N Wireless Noise Canceling Over-the-Ear Headphones - Black,"Headphones,Bluetooth Headphones,All Headphones,Electronics,Audio,Mobile",198
AWLqHC23Iwln0LfXl6G4,Sony SRS-XB41 Portable Wireless Bluetooth Speaker - Black - SRSXB41/B (Certified Refurbished),"Portable Bluetooth Speakers,Bluetooth & Wireless Speakers,Mobile Bluetooth Speakers,Portable Audio & Video,Electronics,Portable Speakers & Docks,Audio,Mobile,Mobile Speakers,All Bluetooth & Wireless Speakers",248
AWLk3Ju4Iwln0LfXl1IO,Sony - SRS-XB21 Portable Bluetooth Speaker - Black,"Portable Bluetooth Speakers,Bluetooth & Wireless Speakers,Mobile Bluetooth Speakers,Portable Audio & Video,Electronics,Portable Speakers & Docks,Audio,Mobile,Mobile Speakers,All Bluetooth & Wireless Speakers",98
AWLiJFrAIwln0LfXlwAw,"Samsung - 65 Class - LED - Q7F Series - 2160p - Smart - 4K UHD TV with HDR""","LED & LCD TVs,TVs,TV & Video,Samsung Smart TVs,Electronics,Smart TVs by Brand,Television & Video,TVs Entertainment,Televisions,TV & Home Theater,All Flat-Panel TVs",2599.99
AWLX-WNUHh53nbDRJHPV,JBL Inspire 700 In-Ear Wireless Sport Headphones with Charging Case (Black),"Headphones,Bluetooth Headphones,All Headphones,Earbud Headphones,Electronics,Audio,Mobile",63.95
AWLX-R7IIwln0LfXlgMU,JBL Reflect Contour 2 Wireless Sport In-Ear Headphones with Three-Button Remote and Microphone (Blue),"Headphones,Bluetooth Headphones,All Headphones,Electronics,Audio,Mobile",99.95
AWLX-N9tHh53nbDRJHOh,JBL - Reflect Contour 2 Wireless In-Ear Headphones - Black,"Headphones,Bluetooth Headphones,All Headphones,Electronics,Audio,Mobile",99.95
AWLWo1jUuC1rwyj_qO3k,"Samsung - 55 Class - LED - Q8F Series - 2160p - Smart - 4K UHD TV with HDR""","Samsung Smart TVs,Samsung TVs,Electronics,TVs Entertainment,Televisions,TV & Home Theater,TVs by Brand,All Flat-Panel TVs,LED & LCD TVs,TVs,TV & Video,Smart TVs by Brand,Television & Video",2199.99
AWLI-DTQYSSHbkXwzTxw,"Insignia 47 - 80"" Full Motion TV Wall Mount""","Audio & Video Accessories,TV Mounts,TV Accessories & Parts,TV Stands, Mounts & Furniture,Electronics,Accessories & Supplies,TV & Home Theater,TV Ceiling & Wall Mounts",99.99
AWKuk69CHh53nbDRIyJ2,MX Anywhere 2S Wireless Mouse,"Computers,Mice Touchpads,Computers & Accessories,Computer Accessories & Peripherals,Electronics,Mice, Trackballs & Touchpads,Keyboards, Mice & Accessories,Computers/Tablets & Networking,Keyboards, Mice & Pointers,Mice & Keyboards,Keyboard & Mouse Bundles,See more Genuine Logitech MX Anywhere 2s Wireless Mobil...,Computers & Tablets,Computer Peripherals,Mice,Mice Pointing devices",79.95
AWKug03QuC1rwyj_p5PQ,Alpha a6500 Mirrorless Digital Camera (Body Only),"Photography,Photography brqwasseuwbxvrwtdreewezqfxycfsdyzrceza,Digital Cameras,Cameras & Photo,Photography wqctvrrvbybxwsxf,Mirrorless System Cameras,All Mirrorless Cameras,Electronics,Mirrorless Cameras,Camera & Photo,Cameras & Camcorders",1181.76
AWKXniCGYSSHbkXwyv-f,WI-SP500 Wireless In-Ear Sports Headphones (Black),"Headphones,Bluetooth Headphones,All Headphones,Electronics,Audio,Mobile",78
AWK80MDaYSSHbkXwzOPK,"Intuos Creative Pen Tablet (Small, Black)","Computers,Computers & Accessories,Computer Accessories & Peripherals,Electronics,Computers & Tablets,Computer Peripherals,Graphics Tablets,Graphic Tablets Digital Pens,Mice Pointing devices,Input Devices,Graphics Tablets & Digital Pens",79.99
AWK80AtWuC1rwyj_qBNI,Razer ManO'War Wireless 7.1 Surround Sound Gaming Headset (Black) Man O War READ,"Computers,Audio & Video Accessories,Video Game Accessories,Computers & Accessories,Computer Accessories & Peripherals,Electronics,See more Razer Mano'war Wireless 7.1 Surround Sound Gam...,Accessories,Gaming Headsets,Headsets & Microphones,Headsets,Video Games,Speakers, Headsets, Mics Webcams,Computers & Tablets,Computer Peripherals,Computer Headsets,Video Games & Consoles",42
AWIwKRuwIwln0LfXkC7s,Ultimate Ears - BLAST Smart Portable Wi-Fi and Bluetooth Speaker with Amazon Alexa Voice Assistant - Blizzard,"Portable Bluetooth Speakers,Bluetooth & Wireless Speakers,Portable Audio & Video,Electronics,Portable Speakers & Docks,Audio,All Bluetooth & Wireless Speakers",179.99
AWIsfzRiYSSHbkXwx4H3,"Hisense - 55 Class - LED - H9 Series - 2160p - Smart - 4K UHD TV with HDR""","LED & LCD TVs,TVs,4K Hisense TVs,TV & Video,Electronics,4K TVs by Brand,Television & Video,Televisions,TV & Home Theater,All Flat-Panel TVs",799.99
AWIsTj6wHh53nbDRHmEp,Toshiba TH-GW10 Symbio 6-in-1 Smart Home Solution and Security Camera with an Amazon Alexa Speaker built-in,"Smart Home,Portable Audio & Video,Electronics,Security Cameras & Surveillance,Security Camera Systems",249.99
AWInTtJpYSSHbkXwx3pV,TiVo - Roamio OTA VOX 1TB Digital Video Recorder - Black,"Consumer Electronics,TV, Video & Home Audio,DVRs, Hard Drive Recorders,Electronics,Streaming Media Players,Television & Video,TV & Home Theater",399.99
AWInAvU5YSSHbkXwx3jO,Hauppauge - WinTV-dualHD Cordcutter - Black,"Computers & Accessories,Computer Components,Electronics,TV & Home Theater,Internal TV Tuner & Capture Cards,TV & Home Theater Accessories,Digital TV Tuners & Converters",69.99
AWImbym8Hh53nbDRHk6w,X900F-Series 75-Class HDR UHD Smart LED TV,"LED & LCD TVs,TVs,Electronics,Television & Video,Televisions,TVs Entertainment,TV & Home Theater,All Flat-Panel TVs",3499.99
AWImaqdkIwln0LfXkAw8,TiVo - BOLT VOX 1TB DVR and Streaming Player - Black,"Electronics,Streaming Media Players,Television & Video,TV & Home Theater,All Streaming Media Players",299.98
AWImYplsIwln0LfXkAqt,TP-Link Archer T9E AC1900 Wireless WiFi PCIe network Adapter Card for PC,"Computers,Computers & Accessories,Networking,Wireless Adapters Cards,Wireless Networking,Electronics,Computer Cards & Components,USB Network Adapters,Internal Network Cards,Computers & Tablets,Networking Products,Interface / Add-On Cards,Network Adapters",67.15
AWImYXj0uC1rwyj_oyJi,Next-Generation ARRIS SURFboard SB8200 DOCSIS 3.1 Cable Modem - Retail Packaging- White,"Wi-Fi & Networking,Computers/Tablets & Networking,Computers & Accessories,Home Networking & Connectivity,Electronics,Computers & Tablets,Modems,Networking Products",174
AWIm6-ZpIwln0LfXkBQX,X900F-Series 55-Class HDR UHD Smart LED TV,"Electronics,Televisions,TVs Entertainment,TV & Home Theater,TVs by Brand,All Flat-Panel TVs,LED & LCD TVs,TVs,TV & Video,Smart TVs by Brand,Television & Video,Sony Smart TVs,Sony TVs",1498
AWIm0C3TYSSHbkXwx3S6,Ultimate Ears MEGABLAST Portable Wi-Fi/Bluetooth Speaker with hands-free Amazon Alexa voice control (waterproof) - Graphite Black,"Portable Bluetooth Speakers,Bluetooth & Wireless Speakers,Portable Audio & Video,Electronics,Portable Speakers & Docks,Audio,All Bluetooth & Wireless Speakers",299.99
AWIYLqVnYSSHbkXwxw9c,Details About Evga Nvidia Geforce Gtx 1080 Sc Gaming 8gb Gddr5x Pci Express 3.0 Graphics ...,"Computers,Graphics/Video Cards,Computers/Tablets & Networking,Computers & Accessories,Computer Components & Parts,Computer Components,Graphics Cards,GPUs / Video Graphics Cards,Electronics,Computers & Tablets,Graphic Cards,Computer Cards & Components",1179.57
AWHkCHGSYSSHbkXwxLTx,Victrola - Bluetooth Stereo Turntable - Map,"Turntables & Accessories,Electronics,Turntables,Home Audio,All-in-One Turntables,Electrical,Home Electronics,Audio,CD Players & Turntables,Stereo Shelf Systems",59.99
AWH8KlPuuC1rwyj_oPzR,Samsung 860 EVO 500GB 2.5 Inch SATA III Internal SSD (MZ-76E500B/AM),"Computers/Tablets & Networking,Internal Solid State Drives,Drives, Storage & Blank Media,Solid State Drives,Hard Drives (HDD, SSD & NAS),Computers & Accessories,Internal Hard Disk Drives,Computer Accessories & Peripherals,Electronics,Computers & Tablets,Hard Drives & Storage,Data Storage",134.99
AWFbOYQWuC1rwyj_nLCW,SteelSeries Siberia 800 Lag-Free Wireless Gaming Headset with OLED Transmitter and Dolby 7.1 Surround Sound,"Accessories,Headsets & Microphones,Computer Accessories & Peripherals,Computer & Tablet Accessories,Video Games,Headsets,Computers & Tablets,Computer Speakers & Headsets,Computer Headsets,Technology & Services",299.99
AWFbOTMQuC1rwyj_nKwZ,Wacom Wireless Accessory Kit for Bamboo and Intuos Tablets (ACK40401),"See more Wacom Wireless Accessory Kit for Bamboo and In...,Computers,Tablet Cases & Sleeves,Computer Accessories,Computers & Accessories,Computer Accessories & Peripherals,Computer & Tablet Accessories,Other Keyboards & Mice,Electronics,Graphics Tablets,Tablet Accessories,Tablets Handwriting Accessories,Input Devices,Computers/Tablets & Networking,Keyboards, Mice & Pointers,Computer Peripherals,Graphic Tablets,Technology & Services,Mice Pointing devices",36.09
AWFbOS4iHh53nbDRF8km,Logitech G433 7.1 Wired Gaming Headset with DTS Headphone: X 7.1 Surround for PC,"Computers,Audio & Video Accessories,PC Games Accessories,Computers & Accessories,Computer Accessories & Peripherals,Electronics,Gaming Headsets,Gaming Systems,Headsets & Microphones,PC Headsets & Glasses,Speakers, Headsets, Mics Webcams,Computers & Tablets,Computer Peripherals,Computer Headsets,Technology & Services",99.99
AWFPIftXuC1rwyj_nIQs,Logitech G933 Artemis Spectrum – Wireless RGB 7.1 Dolby and DST Headphone Surround Sound Gaming Headset – PC,"Computers,Audio & Video Accessories,Computers & Accessories,Computer Accessories & Peripherals,See more Logitech G933 Limited Edition Black Headband H...,Computer & Tablet Accessories,Electronics,Computer Speakers & Headsets,Computers/Tablets & Networking,Gaming Headsets,Headsets & Microphones,Laptop & Desktop Accessories,Headsets,Speakers, Headsets, Mics Webcams,Computers & Tablets,Computer Peripherals,Computer Headsets,Technology & Services",77.99
AWFKEUxkuC1rwyj_nF67,WD - My Book 6TB External USB 3.0 Hard Drive - Black,"Hard Drives,Computers,External Hard Disk Drives,Drives, Storage & Blank Media,Computers & Accessories,Hard Drives (HDD, SSD & NAS),Computer Accessories & Peripherals,Hard Drives & Storage,Electronics,Computers/Tablets & Networking,External Hard Drives,Data Storage & Media,Computer Components,Computers & Tablets,Technology & Services,Data Storage",169.99
AWFFs0b8Iwln0LfXiQnR,Details About Netgear Powerline 1000 Mbps Wifi 802.11ac 1 Gigabit Port Plw1000100nas,"Computers,Networking,Computers & Accessories,Home Networking & Connectivity,Electronics,See more NETGEAR Powerline 1000 Mbps WiFi 802.11ac 1 Gi...,Wi-Fi & Networking,Computers/Tablets & Networking,Powerline Networking,Computers & Tablets,Powerline Adapters,Networking Products,Powerline Network Adapters,Network Adapters",119.99
AWFFkl2hIwln0LfXiPPs,Linksys AC1900 Gigabit Range Extender/WiFi Booster/Repeater MU-MIMO (Max Stream RE7000),"Computers,Range Extenders,Networking,Computers & Accessories,Routers,Home Networking & Connectivity,Wireless Networking,Wireless Range Extenders,Electronics,Repeaters,Wireless Routers,Wi-Fi Extenders,Modem Router Combos,Wi-Fi & Networking,Access Points, Hubs & Switches,Computers/Tablets & Networking,Modems & Gateways,See more Linksys Ac1900 WiFi Cable Modem Router CG7500,Computers & Tablets,Modems,Networking Products",199.97
AWFFhQ_0Iwln0LfXiOyo,"Dell - P2418HT 24 IPS LED FHD Touch-Screen Monitor - Black""","Computers,Computers & Accessories,Monitors, Projectors & Accs,Electronics,Monitors Displays,Computers/Tablets & Networking,Technology,Laptop Accessories,Monitors,Computers & Tablets,Laptops,Computer Monitors,LED Monitors",320
AWFFh3tBYSSHbkXwwEem,ProSafe 16-Port Gigabit Desktop Switch,"Computers,Computers & Accessories,Networking,Switches,Wired Networking,Electronics,Ethernet Switches,Enterprise Networking, Servers,Wi-Fi & Networking,Computers/Tablets & Networking,Computers & Tablets,Network Switches,Networking Products,Switches & Hubs,Network Switches, Bridges Hubs",54.99
AWFFTzcwYSSHbkXwwCzw,"Refurbished TCL 49 Class 4K (2160P) Roku Smart LED TV (49S405)""","TCL Smart TVs,TV, Video & Home Audio,Electronics,Electronics Deals,Shop TVs by Type,Televisions,TV & Home Theater,All Flat-Panel TVs,Tvs & Home Theater,Tvs,LED & LCD TVs,Consumer Electronics,Refurbished TVs,TV & Video,Technology,Smart TVs by Brand,4K TVs by Brand,Television & Video,4K TCL TVs,LED TVs",319
AWFFJGBBHh53nbDRFyNR,"LG - 55 Class - LED - UJ7700 Series - 2160p - Smart - 4K UHD TV with HDR""","LED & LCD TVs,TVs,TV & Video,Electronics,4K TVs by Brand,Television & Video,Televisions,TVs Entertainment,TV & Home Theater,4K LG TVs,All Flat-Panel TVs",1299.99
AWFFBU8JIwln0LfXiLtO,Details About New Logitech G230 981000541 Headset,"Computers,Video Game Accessories,Computer Accessories & Peripherals,Computer & Tablet Accessories,All Video Game Accessories,Electronics,Computer Speakers & Headsets,Headphones,Accessories,Computers/Tablets & Networking,Gaming Headsets,See more Logitech G230 Black/Red Headband Headsets for ...,Ways To Shop Video Games,Headsets & Microphones,Laptop & Desktop Accessories,Video Games,Headsets,Speakers, Headsets, Mics Webcams,Computers & Tablets,Computer Peripherals,Computer Headsets,Video Games & Consoles,Technology & Services",59.99
AWDfoawOuC1rwyj_ldUI,Peak Design Slide Strap 2.0 Camera Strap,"Photography,Digital Camera Accessories,Electronics,Camera & Photo,Optics Straps,Camera Straps Harnesses,Photography Bags Cases,Camera Bags, Cases & Straps,Bags & Cases,Camera Straps,Cameras & Camcorders,Binocular, Camera & Camcorder Straps",64.95
AWD3ssynIwln0LfXgpwF,BenQ - CineHome HT2050A 1080p DLP Projector - White,"Projectors,Audio Visual Presentation,Home Theater Projectors,Electronics,TV & Home Theater,Projectors & Screens,Video Projectors",749.99
AWBghGZdYSSHbkXws4Zi,"SunBriteTV - Outdoor Tilting TV Wall Mount for Most 37 - 80"" TVs - Powder coated black""","Audio & Video Accessories,Mounts Carts,Outdoor TV Covers, Stands & Mounts,Monitor Wall Mounts,TV Accessories & Parts,Audio Visual Presentation,Electronics,Monitor Mounts Stands,Accessories & Supplies,TV & Home Theater,TV Ceiling & Wall Mounts,TV & Home Theater Accessories",149.98
AWBTOXcsKZqtpbFMV5fW,"Lenovo - 2-in-1 11.6 Touch-Screen Chromebook - MT8173c - 4GB Memory - 32GB eMMC Flash Memory - Dark gray""","Computers,Shop Laptops by Type,Google Chromebook,Walmart for Business,Computers and Monitors,Electronics,Computers & Tablets,Office Electronics,Laptops,All Laptops",298
AWBEOV5nHh53nbDRCJgI,Sennheiser CX 7.00BT Wireless In-Ear Headphone,"Headphones,Bluetooth Headphones,All Headphones,Sennheiser Headphones,Electronics,Shop Headphones by Brand,Audio,Mobile",149.95
AWAtmJb1uC1rwyj_jU16,"SVS - 12 500W Powered Subwoofer - Gloss piano black""","Subwoofers,Speaker Separates xdxucwferurybaydybbz,Speaker Separates,Subwoofer Speakers,TVs Entertainment,Speakers,Home Audio,Audio",849.98
AWAiMCX3YSSHbkXwsOKR,Sennheiser - HD 660 S Over-the-Ear Headphones - Matte Black and Anthracite,"Headphones,All Headphones,Electronics,Audio,Mobile",499.95
AWAiLmnZHh53nbDRB184,Sony - WF 1000X True Wireless In-Ear Noise Canceling Headphones - Black,"Headphones,Bluetooth Headphones,All Headphones,Electronics,Audio,Mobile",198
AWAGKRlGuC1rwyj_i7lX,Details About Netgear 16 X 4 Docsis 3.0 Cable Modem Black,"Computers,Wi-Fi & Networking,Computers/Tablets & Networking,Networking,Computers & Accessories,Home Networking & Connectivity,Electronics,Computers & Tablets,Modems,Networking Products",125.99
AWAGKJ6fuC1rwyj_i7km,SanDisk - 120GB Internal SATA Solid State Drive for Laptops,"Computers,Internal Solid State Drives,Internal Drives,Solid State Drives,Computers & Accessories,Computer Accessories & Peripherals,Electronics,Computers & Tablets,Hard Drives & Storage,Drives Storage,Data Storage",49.99
AWACP5ONKZqtpbFMVBp2,GTK-XB90 Bluetooth Speaker,"Wireless Speakers,Powered Speakers,Portable Audio & Video,Electronics,TVs Entertainment,Boomboxes,Home Audio,Speakers,Wireless Home Speakers,Audio",448
AWACBprXKZqtpbFMVBZo,Details About Samsung Gear Iconx 2018 Edition Cordfree Fitness Earbuds Black (us Version),"Headphones,Bluetooth Headphones,All Headphones,Consumer Electronics,Portable Audio & Headphones,Earbud Headphones,Electronics,Audio,Mobile",199.99
AWABuY0rHh53nbDRBgDF,JBL - Free True Wireless In-Ear Headphones - Black,"Headphones,Bluetooth Headphones,All Headphones,Earbud Headphones,Electronics,Audio,Mobile,Shop Headphones by Type,Earbuds and In-ear Headphones",149.95
AVzxufilglJLPUi8G2HN,Google Daydream View - VR Headset (Slate),"Video Games,Virtual Reality,VR Headsets,Cell Phones & Accessories,Accessories,Virtual Reality Headsets,Office,Office Technology,Phones & Accessories,Headsets & Accessories,Cell Phones,Cell Phone Accessories,Virtual Reality for Smartphone,Virtual Reality Headsets for Smartphone,Consumer Electronics,Smartphone VR Headsets,Gadgets & Other Electronics,Video Glasses,PC & Console VR Headsets",89.99
AVzxuJm9vKc47QAVfTmY,QuickFit 22 Stainless Steel Watch Band (Slate Gray),"Smartwatch Bands,Used:Wearable Tech,Used:Mobile,Portable Audio & Video,Electronics,Cell Phones,Cell Phone Accessories,Mobile,Wearable Technology,Smartwatches & Accessories,Smartwatch Accessories,MP3 & MP4 Player Accessories,Watch Bands",149.99
AVzxuI1IvKc47QAVfTmW,QuickFit 26 Stainless Steel Watch Band (Slate Gray),"Sports & Handheld GPS,Smartwatch Bands,Portable Audio & Video,Electronics,Cell Phones,Cell Phone Accessories,Mobile,Wearable Technology,Smartwatches & Accessories,Smartwatch Accessories,MP3 & MP4 Player Accessories,Watch Bands,Handheld GPS Units,GPS & Navigation",149.99
AVzxtGzMvKc47QAVfTV8,"Monster SuperStar BackFloat High-Definition Bluetooth Speaker, Neon Green","Electronics,Home Audio & Theater,Home Audio,All Home Speakers,Speaker Systems,Audio,Bluetooth & Wireless Speakers,Stereos,Portable Audio & Video,Portable Speakers & Docks,Portable Bluetooth Speakers",118.8
AVzxt6Mb-jtxr-f3z5_B,Details About Anker Powercore 20000 Qc 3.0 Black A1272h11,"Mobile Power Packs,Computers,Batteries & A,Portable Chargers/Power Packs,Computer Accessories,Electronics,Cell Phones,C Adapters,Cell Phone Accessories,Cell Phone Batteries & Power,Batteries & Battery Packs,Accessories,Portable Power Banks,Cell Phones & Accessories,Chargers & Cradles",44.97
AVzxqGmivKc47QAVfTIA,LG Electronics OLED65C7P 65-Inch 4K Ultra HD Smart OLED TV - Refurbished,"Electronics,Shop TVs by Type,TVs Entertainment,Televisions,Tvs & Home Theater,Tvs,All TVs,Featured Brands,Refurbished TVs,4K TVs by Brand,Television & Video,4K Ultra HDTVs,TVs & Electronics,4K Ultra HD TVs,TV, Video & Home Audio,Electronics Features,4k Tv,Electronics Deals,TV & Home Theater,All Flat-Panel TVs,OLED TVs,Consumer Electronics,TV & Video,4K LG TVs,Smart TVs",4999.99
AVzxl9XGvKc47QAVfStn,21.5 iMac with Retina 4K Display (Mid 2017),"Computers,Computers & Accessories,Frys,Electronics,All-in-Ones,All Desktops,Desktops,Desktop & All-in-One Computers,Desktops & All-In-Ones,Mac Desktops,All Desktop Computers,Computers/Tablets & Networking,Apple,Apple Desktops & All-In-Ones,iMac,Computers & Tablets,Desktops Workstations,Desktop Computers",1461.65
AVzvXKvwglJLPUi8Gz8a,NVIDIA - SHIELD Wireless Controller - Black,"Streaming Media Player Accessories,Electronics,Media Player Recorder Accessories,TVs Entertainment,TV & Home Theater,NVIDIA SHIELD,Tvs & Home Theater,All Streaming Media Players,Accessories,Video Games,Streaming Media Players,Streaming Devices,Retro Gaming & Microconsoles",59.99
AVzdPPJYglJLPUi8GICc,"Sylvania SDVD7078 7 Portable DVD Player with Swivel Screen (Certified Refurbished)""","Portable DVD Players & Accessories,Media Players & Recorders,Portable DVD Players,DVD & Blu-ray Players,Blu-ray & DVD Players,Portable Audio & Video,Electronics,TV & Home Theater,Home Audio & Theater,Home Theater",51.86
AVzYndejvKc47QAVeabi,CORSAIR - VENGEANCE LED Series 16GB (2PK 8GB) 2.4GHz DDR4 Desktop Memory with LED Lighting - Black,"Computers/Tablets & Networking,Memory (RAM),Computer Components & Parts,Computers & Accessories,Computer Components,Memory,Computers & Tablets,Electronics,Computer Cards & Components",129.99
AVzYkQ07GV-KLJ3abOv9,Logitech iPad Slim Folio: Case with Wireless Keyboard with Bluetooth (Black) - iPad 5th generation,"Computers,Bags, Cases & Sleeves,Computers & Accessories,Tablet Cases, Covers & Keyboard Folios,Electronics,Tablet Accessories,Tablet & eBook Reader Accs,Cases, Covers, Keyboard Folios,Computers/Tablets & Networking,Keyboards,Computers & Tablets,Computer Peripherals,iPad & Tablet Accessories,Keyboards Accessories,Cases, Covers & Keyboard Folios,Cases",69.95
AVzYfJRcglJLPUi8F5Uj,HD 4.40 BT Wireless Bluetooth Headphones,"Headphones,Bluetooth Headphones,All Headphones,Sennheiser Headphones,Electronics,Shop Headphones by Brand,Over-Ear Headphones,Audio,Over-Ear & On-Ear Headphones,Mobile",149.99
AVzYfIDf-jtxr-f3y-EQ,Details About *new~sennheiser Hd 4.50 Btnc Wireless Noise Cancelling Headphones~touch Controls,"Bluetooth Headphones avecuevdaxstvbrwvwxesrse,Sennheiser Headphones,Portable Audio & Headphones,Electronics,Over-Ear & On-Ear Headphones,Mobile,Headphones,Bluetooth Headphones,Consumer Electronics,All Headphones,Shop Headphones by Brand,Over-Ear Headphones,Audio",199.95
AVzSv0q-vKc47QAVd60B,MU9000-Series 65-Class HDR UHD Smart LED TV,"TVs & Electronics,4K Ultra HD TVs,LCD TVs,Samsung Tax Time Savings,TV, Video & Home Audio,Electronics,Shop TVs by Type,Televisions,TVs Entertainment,TV & Home Theater,All Flat-Panel TVs,LED & LCD TVs,4K Samsung TVs,All TVs,Consumer Electronics,TVs,Refurbished TVs,TV & Video,See more Samsung Un65mu9000 65 Inch UHD 4k Smart TV and...,4K TVs by Brand,Television & Video,LED TVs,4K Ultra HDTVs",1599.99
AVzSv0OV-jtxr-f3yibR,"LG - 75 Class - LED - UJ6470 Series - 2160p - Smart - 4K UHD TV with HDR""","4K Ultra HD TVs,TV, Video & Home Audio,Frys,Electronics,Televisions,TVs Entertainment,TV & Home Theater,All Flat-Panel TVs,LED & LCD TVs,All TVs,TVs,Consumer Electronics,TV & Video,4K TVs by Brand,Television & Video,4K LG TVs",2496.99
AVzRP92MGV-KLJ3aat8K,RX-V583 7.2-Channel Network A/V Receiver,"TVs & Electronics,Home Theater & Audio,Receivers Amplifiers,Receivers,Electronics,Stereo System Components,Hi-Res Home Theater Receivers,TVs Entertainment,High-Resolution Audio,Receivers & Amplifiers,Home Audio,Receivers wdaebvzucdyaaftsaqwqecu,Audio",499.95
AVzNkGvxGV-KLJ3aarCv,XFX - AMD Radeon RX 580 GTR XXX Edition 8GB GDDR5 PCI Express 3.0 Graphics Card - Black/White,"Virtual Reality for PC,Computers & Accessories,Electronics,Computer Cards & Components,VR-Ready GPUs/Video Graphics Cards,GPUs/Video Graphics Cards,Graphics/Video Cards,Computers/Tablets & Networking,Computer Components & Parts,Virtual Reality-Ready Components for PC,Computer Components,Graphics Cards,Video Games,PC Gaming,Computers & Tablets",329.99
AVzNkGvq-jtxr-f3yc_7,XFX AMD Radeon RX 580 8GB GDDR5 PCI Express 3.0 Graphics Card,"Electronics,Computers & Accessories,Computer Components,Graphics Cards,Computers & Tablets,Computer Cards & Components,GPUs/Video Graphics Cards,Computers/Tablets & Networking,Computer Components & Parts,Graphics/Video Cards",359.99
AVzNkD4bglJLPUi8FXQC,"Asus - 2-in-1 15.6 4K Ultra HD Touch-Screen Laptop Intel Core i7 16GB Memory NVIDIA GeForce GTX 950M - 2TB HDD + 512GB SSD - Sandblasted matte black aluminum""","Computers,Asus Laptops,Computers & Accessories,Electronics,All Laptops,PC Laptops,Laptops By Brand,Computers/Tablets & Networking,PC Laptops & Netbooks,Laptops & Netbooks,Computers & Tablets,Laptops,2 in 1 Laptops",1099.99
AVzNjwZZ-jtxr-f3yc_y,SiriusXM SXEZR1V1 XM Onyx EZR Satellite Radio Receiver with Vehicle Kit,"Satellite Radio,Satellite Radios,Car & Vehicle Electronics,Car Satellite Radios,Frys,Electronics,Car Electronics,Audio,SIRIUS XM Satellite Radio,Car Audio,Car Electronics & GPS",79.99
AVzNjFsJvKc47QAVd1TD,AVR-X1400H 7.2-Channel Network A/V Receiver,"Consumer Electronics,TV, Video & Home Audio,Receivers Amplifiers,Receivers,Home Theater Receivers,Electronics,Receivers & Amplifiers,Television & Video,TVs Entertainment,Home Audio,Audio,AV Receivers & Amplifiers",399
AVzNi793GV-KLJ3aarCf,IOGEAR Wireless Screen Sharing and MiraCast Kit (GWSSKIT),"Computers & Accessories,Electronics,TV & Home Theater,TVs Entertainment,PC to TV,Networking Products,TV & Home Theater Accessories,General Accessories,Home Theater Networking",79.99
AVzN0kf1vKc47QAVd1bS,Onkyo TX-8270 2 Channel Network Stereo Receiver with 4k HDMI,"TVs & Electronics,Home Theater & Audio,Receivers Amplifiers,Receivers,Electronics,TVs Entertainment,Home Audio & Theater,All Home Stereos,Receivers & Amplifiers,Television & Video,Home Audio,Audio,AV Receivers & Amplifiers",499
AVzJpZsEvKc47QAVd0bp,Goal Zero Nomad 7 Plus Solar Panel,"Solar & Wind Power,Generators & Portable Power,Solar Chargers,Patio, Lawn & Garden,Power Accessories,Solar Panels,Cell Phones,Cell Phone Accessories,Cell Phone Batteries & Power,Mobile,Solar Portable Power",99.95
AVz8zq-zglJLPUi8HFJg,Rand McNally 7 Connected Car Tablet Overdryve 7c,"Electronics,Computers & Accessories,Computers & Tablets,Tablets,Consumer Electronics,Vehicle Electronics & GPS,GPS Units,Car Electronics & GPS,GPS Navigation & Accessories,Portable GPS",72.78
AVz8z52avKc47QAVfisq,Sony - Shake Audio System - Black,"TV, Video & Home Audio,Portable Audio & Video,Electronics,TVs Entertainment,Compact & Shelf Stereos,Consumer Electronics,Home Audio Stereos, Components,Mini Hi-Fi Systems,Boomboxes,Home Audio,Tabletop Audio,Audio,Stereo Shelf Systems",499.99
AVz846Pf-jtxr-f30JIn,Samsung-3-Pack-Connect-Home-Smart-Wi-Fi-System-AC1300,"Computers,Networking,Computers & Accessories,Electronics,Mesh Wi-Fi,Wi-Fi & Networking,Home Automation,Networking & Wireless,Computers & Tablets,Home Automation Kits,Electrical,Whole Home Smart Wi-Fi,Home Automation & Security,Routers,Home Networking & Connectivity,Wireless Networking,Home Automation and Security,Whole Home Smart Wi-Fi vsfwsaywuaxvyz,Home Electronics,Wireless Routers,Home Automation Hub,Consumer Electronics,Automation Packs,Computers/Tablets & Networking,Whole Home Wi-Fi Systems,Smart Home Assistants, Controllers & Hubs,Smart Home,Smart Home Kits and Hubs,Home Improvement,Networking Products,Whole Home Smart Wi-Fi zdztuauwxcwwrb,Whole Home Smart Wi-Fi rzfbqsbddwuyywwqdvdzdvxasb",379
AVz7Rf5L-jtxr-f30IE4,Details About Sony Kd43x720e 43inch 4k Ultra Hd Smart Led Tv (2017 Model) Kd43x720e,"4K Ultra HD TVs,TV, Video & Home Audio,Electronics,Televisions,TVs Entertainment,TV & Home Theater,TVs by Brand,All Flat-Panel TVs,LED & LCD TVs,All TVs,Consumer Electronics,TVs,TV & Video,Television & Video,Sony TVs",535.99
AVz5wcrn-jtxr-f30F69,Yamaha - AVENTAGE 7.2-Ch. 4K Ultra HD A/V Home Theater Receiver - Black,"TV, Video & Home Audio,Receivers Amplifiers,Receivers,Frys,Electronics,TVs Entertainment,Consumer Electronics,Home Theater Receivers,Television & Video,Receivers & Amplifiers,Home Audio,Audio,AV Receivers & Amplifiers",549.98
AVz5wclz-jtxr-f30F66,Pioneer - Elite 7.2-Ch. Hi-Res 4K Ultra HD HDR Compatible A/V Home Theater Receiver - Black,"TV, Video & Home Audio,Receivers Amplifiers,Receivers,Frys,Electronics,TVs Entertainment,Home Audio & Theater,All Home Stereos,Consumer Electronics,Home Theater Receivers,Receivers & Amplifiers,Television & Video,Home Audio,Audio,AV Receivers & Amplifiers",699
AVz5wc0H-jtxr-f30F6_,Yamaha - AVENTAGE 7.2-Ch. 4K Ultra HD A/V Home Theater Receiver - Black,"TV, Video & Home Audio,Receivers Amplifiers,Receivers,Frys,Electronics,Receivers xxsdxrxxsxubbsxbrfszdwautssv,TVs Entertainment,Consumer Electronics,Home Theater Receivers,Television & Video,Receivers & Amplifiers,Home Audio,Audio,AV Receivers & Amplifiers",649.95
AVyn8_rsU2_QcyX9UDCW,"Powerstation XXL Three-USB 20,000mAh Battery Pack (Rose Gold)","Mobile Power Packs,Computers,Portable Battery Packs yxdasxffaabvrfusya,Portable Chargers/Power Packs,Portable Battery Packs dzacqzexyxfwtybubrbtxubq,Cell Phones,Portable Battery Packs,Cell Phone Accessories,Cell Phone Batteries & Power,Batteries & Battery Packs,Accessories,Portable Power Banks,Mobile Power,Portable Battery Packs dfcdxxzwfqfqubfvwaac,Power Accessories,Cell Phones & Accessories",99.95
AVwvGPRyU2_QcyX9R3FW,XPS 8920 Tower Desktop Computer,"Computers,Desktops Workstations,Desktop Computers,Desktop Computers wbeszexzzxeteywxtzby,Computers & Tablets,Desktop & All-in-One Computers,All Desktops,Electronics,Computers & Accessories,Desktops,Towers,Computers/Tablets & Networking,Desktops & All-In-Ones,PC Desktops & All-In-Ones",799
AVwvFm-zU2_QcyX9R3FA,"Razer - Blade Pro 17.3 4K Ultra HD Touch-Screen Laptop - Intel Core i7 - 32GB Memory - NVIDIA GeForce GTX 1080 - 1TB SSD - Black""","Computers/Tablets & Networking,Computers & Accessories,PC Laptops & Netbooks,Laptops & Netbooks,Traditional Laptops,Computers & Tablets,Electronics,Laptops,All Laptops,PC Laptops",3149.99
AVwvEaC8U2_QcyX9R3Eh,Apple - Pre-Owned iPad mini 4 - 16GB - Space gray,"Tablets,Computers & Accessories,Refurbished Tablets,Computers & Tablets,Electronics",309.99
AVwsxeF6U2_QcyX9RyIp,SanDisk Extreme 500 Portable SSD 500GB SDSSDEXT-500G-G25,"Computers,Solid State Drives,External Drives szwzcatdryyexyswev,Computers & Accessories,External Drives,Computer Accessories & Peripherals,Computers & Tablets,Hard Drives & Storage,Electronics,External Solid State Drives,Drives Storage,Data Storage",149.99